user_id,signup_date,region,plan,churned
1,2025-10-23,west,free,0
2,2025-03-13,west,basic,0
3,2025-04-23,east,basic,0
4,2025-09-20,south,pro,0
5,2025-02-08,north,pro,0
6,2025-06-26,south,free,0
7,2025-08-06,north,pro,0
8,2024-06-06,north,free,1
9,2024-02-08,north,basic,0
10,2024-07-29,west,pro,0
11,2024-07-18,west,basic,0
12,2025-09-03,north,basic,0
13,2025-09-30,north,free,0
14,2024-01-04,north,basic,0
15,2024-12-15,north,free,1
16,2025-07-28,north,free,0
17,2024-04-02,south,free,0
18,2025-07-11,south,pro,0
19,2024-03-24,south,basic,0
20,2024-11-23,north,basic,1
21,2025-07-25,east,free,0
22,2024-07-31,north,free,0
23,2024-08-27,south,pro,0
24,2024-07-13,south,free,0
25,2025-05-18,west,pro,0
26,2024-06-27,north,free,0
27,2025-11-24,east,free,0
28,2024-11-07,south,basic,0
29,2024-11-30,west,free,0
30,2024-12-19,south,free,1
31,2025-02-11,south,free,1
32,2025-01-22,west,basic,0
33,2024-12-22,east,free,0
34,2025-11-27,north,free,0
35,2025-07-19,north,free,0
36,2025-07-08,west,free,0
37,2025-05-05,north,free,0
38,2025-03-11,south,free,1
39,2024-08-26,west,basic,0
40,2025-11-23,north,free,0
41,2024-11-22,north,free,0
42,2024-05-30,north,basic,1
43,2025-08-14,north,free,0
44,2024-04-22,south,basic,1
45,2025-08-23,south,basic,0
46,2025-03-04,south,free,0
47,2024-03-21,north,free,1
48,2024-01-31,west,basic,0
49,2024-11-07,west,basic,0
50,2024-01-25,south,basic,0
51,2024-04-09,north,pro,0
52,2024-12-26,south,basic,1
53,2025-11-10,east,basic,0
54,2024-11-22,south,basic,0
55,2025-07-19,west,free,0
56,2025-10-04,south,free,0
57,2025-07-30,south,free,0
58,2025-03-16,north,basic,0
59,2024-11-04,south,pro,0
60,2024-12-25,east,basic,0
61,2024-07-05,east,free,0
62,2024-12-13,north,pro,0
63,2024-09-22,west,free,0
64,2024-06-22,east,free,0
65,2025-11-26,south,basic,0
66,2024-01-09,south,free,0
67,2024-03-09,east,free,0
68,2024-05-14,north,basic,0
69,2025-11-09,east,basic,0
70,2025-04-29,east,pro,0
71,2025-09-09,south,free,1
72,2024-05-20,west,pro,0
73,2025-05-19,south,basic,0
74,2024-09-15,south,free,1
75,2024-12-08,north,free,0
76,2024-01-03,west,basic,0
77,2025-03-08,south,free,0
78,2025-08-04,east,free,1
79,2025-04-09,south,basic,0
80,2024-04-18,west,free,0
81,2025-01-08,west,free,0
82,2024-07-06,north,free,1
83,2025-11-06,west,pro,0
84,2025-09-08,east,basic,0
85,2024-05-10,north,free,0
86,2024-12-22,south,pro,0
87,2025-10-19,north,free,0
88,2025-08-16,south,basic,0
89,2025-05-10,north,free,1
90,2025-03-23,south,basic,0
91,2024-01-30,south,basic,1
92,2025-06-03,east,basic,1
93,2024-11-27,west,free,0
94,2024-03-05,west,free,0
95,2024-06-20,south,basic,0
96,2025-01-13,south,pro,0
97,2025-05-23,north,free,0
98,2024-12-21,south,free,0
99,2025-03-05,west,free,0
100,2025-09-01,north,pro,0
101,2025-04-25,west,free,0
102,2024-09-09,east,free,0
103,2025-03-26,north,free,0
104,2025-02-22,east,pro,0
105,2024-03-16,north,free,1
106,2024-02-11,west,basic,1
107,2025-04-07,north,basic,0
108,2024-09-28,north,free,1
109,2025-02-22,east,basic,0
110,2024-08-14,south,free,0
111,2024-06-06,north,basic,1
112,2024-04-15,south,free,0
113,2024-09-24,north,free,0
114,2025-07-25,south,basic,0
115,2024-10-07,east,free,0
116,2024-09-22,west,free,0
117,2025-02-06,north,pro,0
118,2025-11-16,south,free,0
119,2024-10-01,west,free,0
120,2025-02-16,south,basic,1
121,2024-11-03,east,basic,0
122,2025-02-27,north,free,0
123,2024-11-07,west,free,1
124,2025-03-22,south,basic,0
125,2025-01-18,west,free,1
126,2025-04-18,east,pro,1
127,2025-10-31,west,basic,0
128,2024-04-15,north,basic,0
129,2025-01-28,east,pro,0
130,2024-11-04,north,free,0
131,2024-09-07,north,free,1
132,2024-06-16,south,pro,1
133,2024-02-06,south,basic,0
134,2024-10-08,east,free,0
135,2025-08-01,west,basic,0
136,2024-03-08,north,basic,0
137,2024-10-11,north,basic,0
138,2025-11-08,south,free,0
139,2025-10-28,west,free,0
140,2024-05-30,south,free,0
141,2024-01-06,south,free,0
142,2025-04-15,east,free,0
143,2024-01-10,east,basic,0
144,2024-07-29,north,free,0
145,2024-12-13,north,free,0
146,2025-09-03,south,pro,0
147,2024-03-05,west,free,0
148,2025-04-08,south,pro,0
149,2025-01-08,north,basic,1
150,2024-04-02,south,basic,0
151,2025-08-14,south,free,1
152,2025-08-14,south,basic,0
153,2024-12-03,south,free,0
154,2025-10-23,west,free,0
155,2025-02-28,south,pro,1
156,2025-09-24,south,free,0
157,2025-11-03,east,free,0
158,2025-02-02,west,basic,1
159,2024-07-15,east,free,0
160,2024-04-11,south,free,0
161,2025-01-28,west,pro,1
162,2024-05-14,south,free,0
163,2025-06-09,west,free,1
164,2025-10-11,north,pro,0
165,2024-06-20,north,free,0
166,2025-01-21,west,free,1
167,2024-02-04,north,pro,0
168,2024-05-06,west,free,0
169,2024-09-21,east,pro,0
170,2025-09-10,south,basic,0
171,2025-11-09,north,basic,0
172,2025-03-25,east,free,0
173,2025-02-12,north,free,0
174,2025-02-02,west,basic,0
175,2024-02-12,west,basic,1
176,2024-09-20,south,free,1
177,2025-11-19,north,free,0
178,2024-10-14,west,free,0
179,2024-05-29,south,free,0
180,2024-06-16,north,free,0
181,2025-05-14,south,basic,0
182,2024-01-27,north,basic,0
183,2025-11-09,south,free,1
184,2025-09-05,east,free,1
185,2025-02-01,west,free,1
186,2024-11-23,west,free,0
187,2025-06-17,north,free,0
188,2025-01-18,south,pro,0
189,2024-11-30,south,free,0
190,2024-08-13,west,free,0
191,2024-11-08,north,basic,0
192,2025-06-09,south,pro,0
193,2024-02-08,west,basic,0
194,2024-01-18,south,basic,0
195,2025-05-19,north,free,0
196,2024-09-17,south,free,1
197,2025-07-16,south,free,1
198,2024-01-22,west,basic,0
199,2025-09-27,north,basic,0
200,2024-03-27,north,free,0
201,2024-10-18,north,pro,0
202,2025-11-08,east,basic,0
203,2024-03-16,north,basic,0
204,2025-04-05,west,free,0
205,2025-05-24,west,free,1
206,2024-10-26,west,free,0
207,2024-02-25,north,pro,0
208,2025-01-01,north,basic,1
209,2024-10-30,south,pro,0
210,2025-09-02,west,basic,0
211,2025-04-22,east,basic,0
212,2024-08-28,north,free,0
213,2024-02-10,east,basic,0
214,2025-02-17,west,free,0
215,2024-07-14,west,basic,0
216,2025-04-23,east,free,1
217,2025-08-27,west,pro,0
218,2024-09-05,west,pro,1
219,2025-09-24,south,free,0
220,2024-12-29,north,basic,0
221,2025-01-06,east,basic,1
222,2025-06-19,north,free,0
223,2025-07-06,south,basic,0
224,2025-09-28,west,free,0
225,2025-11-30,south,basic,1
226,2024-04-15,south,pro,0
227,2024-10-15,west,basic,1
228,2025-10-15,north,free,0
229,2024-08-03,west,basic,0
230,2024-01-04,west,basic,0
231,2025-02-07,south,free,1
232,2025-06-11,south,free,1
233,2025-06-04,north,free,1
234,2025-07-21,west,free,0
235,2025-03-26,north,free,0
236,2024-04-05,north,basic,0
237,2025-08-15,west,pro,0
238,2024-10-20,south,free,0
239,2025-08-16,east,basic,0
240,2025-07-24,east,basic,0
241,2025-11-10,north,basic,0
242,2024-01-10,north,basic,0
243,2025-08-29,south,free,0
244,2025-03-15,north,pro,0
245,2024-12-05,south,free,0
246,2025-07-09,east,free,0
247,2025-10-28,east,basic,0
248,2024-12-25,east,basic,0
249,2024-03-02,north,basic,0
250,2025-05-23,north,free,0
251,2024-06-10,west,pro,0
252,2024-06-07,north,basic,1
253,2024-05-15,south,basic,0
254,2024-05-18,north,free,1
255,2025-09-28,west,free,0
256,2024-09-11,north,free,0
257,2024-03-15,south,basic,0
258,2024-05-05,south,free,1
259,2024-10-03,east,free,0
260,2024-08-30,west,free,0
261,2024-08-05,east,free,0
262,2025-10-25,south,free,0
263,2025-08-29,north,free,0
264,2025-02-05,east,pro,1
265,2025-11-21,west,free,1
266,2024-08-26,north,pro,0
267,2024-04-06,east,pro,0
268,2024-07-09,north,free,0
269,2024-03-03,south,basic,0
270,2025-10-28,south,basic,0
271,2024-06-02,east,free,1
272,2024-11-07,west,basic,0
273,2024-05-21,east,basic,0
274,2025-11-17,south,free,0
275,2024-04-20,east,pro,0
276,2024-12-26,south,free,1
277,2025-10-27,south,free,0
278,2024-12-30,south,free,0
279,2025-09-21,south,free,0
280,2025-09-19,north,free,1
281,2025-06-21,north,free,0
282,2025-06-03,north,free,0
283,2025-02-07,south,pro,0
284,2025-02-10,north,pro,0
285,2025-08-04,west,free,0
286,2024-10-25,west,free,1
287,2025-10-24,south,basic,0
288,2025-09-06,east,free,0
289,2024-09-19,west,free,0
290,2024-10-15,south,basic,0
291,2025-05-15,south,free,0
292,2025-10-07,south,basic,0
293,2024-03-08,east,basic,1
294,2024-02-18,west,free,1
295,2024-06-22,north,free,0
296,2024-10-27,west,basic,0
297,2024-04-23,east,free,1
298,2024-12-29,east,basic,0
299,2025-01-13,east,basic,0
300,2025-10-27,west,free,0
301,2025-06-06,south,basic,1
302,2024-06-24,east,basic,0
303,2025-07-04,north,free,0
304,2025-07-18,south,free,0
305,2025-04-20,east,free,1
306,2025-04-18,north,pro,0
307,2024-08-05,north,free,0
308,2025-05-16,east,free,0
309,2024-04-04,west,pro,0
310,2025-03-16,east,free,1
311,2025-10-06,south,basic,0
312,2025-11-11,east,free,0
313,2024-07-27,north,free,0
314,2024-08-20,east,free,0
315,2025-03-09,south,pro,0
316,2024-10-05,east,basic,0
317,2025-05-26,south,free,0
318,2024-05-22,north,free,0
319,2024-04-28,east,free,0
320,2024-02-05,south,free,0
321,2024-11-24,east,free,0
322,2024-05-29,south,basic,0
323,2024-07-28,north,free,0
324,2025-10-02,south,free,0
325,2025-07-24,east,free,0
326,2025-08-11,west,free,0
327,2025-02-19,west,basic,0
328,2024-03-19,north,free,1
329,2025-06-06,east,basic,0
330,2025-02-26,north,free,0
331,2025-09-28,east,basic,0
332,2024-12-01,south,basic,0
333,2024-05-01,south,free,1
334,2025-02-20,south,basic,0
335,2024-11-15,south,pro,0
336,2025-04-06,east,basic,0
337,2024-09-20,east,basic,0
338,2024-08-02,east,free,0
339,2024-03-28,south,free,0
340,2025-11-03,east,basic,0
341,2025-06-12,south,basic,0
342,2024-11-22,east,free,0
343,2024-06-13,south,free,0
344,2025-03-15,south,free,0
345,2024-10-15,north,basic,0
346,2025-03-20,south,free,0
347,2024-03-04,north,pro,0
348,2024-05-08,south,basic,0
349,2025-05-29,north,pro,1
350,2024-02-13,east,basic,1
351,2025-04-19,west,basic,1
352,2024-10-15,south,pro,0
353,2024-01-03,north,free,0
354,2025-06-18,east,basic,0
355,2025-05-04,north,free,0
356,2025-07-24,west,basic,0
357,2025-09-18,north,free,0
358,2025-05-25,south,basic,0
359,2025-08-11,south,free,0
360,2024-03-20,north,basic,0
361,2025-10-04,south,basic,0
362,2025-10-01,north,pro,1
363,2025-04-30,east,pro,0
364,2025-07-15,west,free,0
365,2025-06-02,south,basic,0
366,2025-09-06,east,free,0
367,2025-09-14,north,free,0
368,2025-01-01,south,basic,0
369,2025-07-25,south,pro,0
370,2025-10-02,north,basic,0
371,2024-07-27,west,basic,0
372,2024-02-02,east,basic,0
373,2024-04-29,north,basic,0
374,2024-01-22,north,basic,0
375,2024-10-31,west,free,0
376,2024-01-15,west,pro,0
377,2024-06-30,east,free,1
378,2024-06-25,west,pro,0
379,2025-05-09,west,basic,0
380,2024-06-22,east,basic,0
381,2025-10-26,east,basic,1
382,2024-05-11,north,pro,0
383,2025-11-11,south,pro,0
384,2025-01-31,east,basic,1
385,2024-06-19,west,free,1
386,2024-01-28,south,basic,0
387,2024-08-02,south,pro,0
388,2025-02-17,north,basic,1
389,2024-03-17,east,free,0
390,2024-04-26,south,free,0
391,2024-03-21,east,free,1
392,2025-04-19,north,basic,0
393,2024-03-02,east,pro,0
394,2024-01-15,east,free,0
395,2024-11-15,south,basic,0
396,2024-08-05,north,basic,0
397,2025-02-03,south,free,1
398,2025-10-18,east,free,1
399,2025-08-23,north,basic,0
400,2025-01-11,north,basic,1
401,2025-03-26,south,pro,0
402,2025-07-22,north,free,0
403,2024-11-02,west,pro,0
404,2025-04-05,west,free,0
405,2024-05-31,west,basic,1
406,2025-03-03,west,basic,0
407,2024-06-14,east,free,1
408,2024-05-13,north,pro,0
409,2025-06-17,west,pro,0
410,2025-02-06,east,pro,0
411,2024-09-20,east,free,0
412,2024-01-28,east,basic,0
413,2024-06-14,west,basic,1
414,2025-07-15,north,pro,0
415,2024-11-23,east,free,1
416,2025-11-03,south,free,0
417,2025-09-22,south,basic,0
418,2025-08-20,south,free,0
419,2024-01-12,north,free,0
420,2024-02-05,south,free,0
421,2025-02-09,south,basic,0
422,2024-08-25,south,basic,0
423,2025-08-12,west,basic,0
424,2024-08-10,east,basic,0
425,2024-04-17,east,free,1
426,2024-03-19,west,pro,0
427,2024-07-29,north,pro,0
428,2025-03-14,south,pro,0
429,2024-03-29,north,basic,0
430,2025-07-12,south,free,0
431,2024-07-30,west,free,0
432,2024-08-07,north,pro,0
433,2025-04-08,east,free,1
434,2025-08-26,west,free,1
435,2024-10-31,south,basic,1
436,2025-07-11,east,basic,0
437,2024-08-01,south,basic,0
438,2024-03-31,south,basic,0
439,2025-08-02,south,basic,0
440,2025-06-20,north,basic,1
441,2025-06-09,south,free,0
442,2025-09-09,south,free,1
443,2024-12-14,west,pro,0
444,2024-05-18,south,basic,0
445,2025-02-13,north,basic,0
446,2025-02-05,west,free,0
447,2024-09-27,north,free,0
448,2025-03-23,west,pro,0
449,2024-07-03,west,pro,0
450,2025-03-02,east,free,1
451,2025-07-09,south,basic,0
452,2024-03-08,north,free,0
453,2024-11-13,north,free,0
454,2025-04-07,north,basic,0
455,2024-02-05,south,free,0
456,2025-03-18,south,basic,0
457,2025-09-30,west,pro,0
458,2025-07-30,south,free,0
459,2025-04-24,west,basic,1
460,2025-07-16,east,free,0
461,2024-09-10,north,free,0
462,2024-08-17,south,free,0
463,2024-02-28,north,free,0
464,2025-05-20,north,pro,0
465,2024-08-08,west,basic,0
466,2025-08-30,south,free,0
467,2024-11-22,north,free,1
468,2025-09-17,north,pro,0
469,2024-04-06,east,basic,1
470,2024-04-23,south,basic,0
471,2024-08-30,north,free,1
472,2024-01-19,east,basic,0
473,2024-12-10,north,basic,0
474,2025-03-31,east,basic,0
475,2025-04-08,south,free,0
476,2024-05-30,south,basic,0
477,2024-04-24,south,free,1
478,2025-01-29,east,free,0
479,2025-03-19,west,basic,0
480,2025-10-23,east,basic,0
481,2025-09-19,north,free,0
482,2024-09-22,south,free,0
483,2024-04-23,north,free,0
484,2024-06-25,north,basic,0
485,2025-09-09,north,basic,0
486,2024-11-15,north,free,0
487,2025-11-26,west,basic,0
488,2025-04-05,east,basic,0
489,2025-02-20,west,free,1
490,2024-03-11,east,basic,1
491,2025-02-17,south,free,0
492,2024-09-23,south,free,1
493,2025-08-13,south,pro,0
494,2024-04-03,north,free,0
495,2024-05-14,south,free,0
496,2025-04-08,east,basic,0
497,2025-04-21,north,free,0
498,2025-08-04,north,free,0
499,2025-01-02,south,pro,0
500,2024-09-20,east,free,0
501,2024-08-02,east,free,0
502,2024-09-17,east,pro,0
503,2025-04-09,north,pro,0
504,2025-01-12,north,pro,0
505,2024-07-26,south,free,0
506,2024-05-30,north,basic,0
507,2025-05-12,east,basic,1
508,2024-06-22,west,free,0
509,2024-05-26,east,pro,0
510,2024-08-18,north,free,0
511,2025-08-20,north,basic,0
512,2024-11-16,west,free,1
513,2025-02-20,west,free,0
514,2024-02-27,south,free,0
515,2024-08-29,south,pro,1
516,2025-06-10,south,free,1
517,2025-06-24,east,pro,0
518,2025-02-09,west,free,0
519,2025-09-05,south,free,1
520,2024-07-28,north,free,1
521,2024-04-25,north,pro,0
522,2024-02-24,north,free,1
523,2024-05-19,west,pro,0
524,2025-06-18,east,free,1
525,2025-09-24,west,pro,0
526,2024-04-01,north,basic,0
527,2024-12-17,south,free,0
528,2024-04-03,east,basic,0
529,2025-08-14,east,free,0
530,2024-04-01,north,free,1
531,2025-03-24,south,free,1
532,2024-02-26,east,basic,0
533,2025-05-31,east,basic,0
534,2025-09-26,south,free,0
535,2025-05-27,north,free,0
536,2024-07-07,west,pro,0
537,2025-08-12,south,free,0
538,2024-08-02,east,free,0
539,2025-06-11,south,free,0
540,2025-08-05,north,free,0
541,2024-12-05,north,free,0
542,2025-03-09,north,basic,0
543,2025-08-21,north,free,0
544,2024-05-11,north,free,1
545,2024-01-14,south,basic,0
546,2024-10-31,south,free,0
547,2024-05-06,south,free,0
548,2025-09-10,west,free,1
549,2025-08-29,north,free,1
550,2024-09-19,north,basic,0
551,2024-08-04,west,free,1
552,2025-05-12,south,free,1
553,2024-11-13,south,free,0
554,2024-03-08,north,free,0
555,2025-04-08,south,basic,0
556,2025-05-24,north,free,0
557,2024-02-19,west,free,0
558,2025-06-27,west,free,0
559,2025-01-08,south,basic,0
560,2025-08-01,north,free,0
561,2025-08-18,west,basic,0
562,2025-04-16,north,pro,0
563,2024-08-21,east,free,0
564,2024-09-16,west,free,0
565,2025-05-21,east,basic,0
566,2024-02-14,west,free,0
567,2024-06-10,south,free,1
568,2024-12-29,west,free,0
569,2025-10-21,south,basic,0
570,2025-06-14,north,pro,0
571,2025-07-24,south,pro,0
572,2024-05-13,south,basic,1
573,2024-07-15,east,free,1
574,2024-07-05,west,pro,0
575,2025-06-08,north,basic,0
576,2025-01-10,north,pro,0
577,2024-05-27,south,basic,0
578,2025-06-07,south,basic,0
579,2025-03-22,west,basic,0
580,2025-09-19,west,free,0
581,2025-01-26,west,free,1
582,2024-03-29,east,free,0
583,2025-09-13,east,pro,0
584,2024-05-08,north,pro,0
585,2024-02-08,south,basic,1
586,2025-07-13,north,free,0
587,2024-11-11,west,free,0
588,2025-03-27,north,free,1
589,2024-03-31,north,free,0
590,2025-05-19,south,free,1
591,2024-10-10,south,free,0
592,2025-11-28,east,basic,0
593,2025-03-21,north,basic,0
594,2025-10-19,north,free,1
595,2025-07-08,west,free,1
596,2025-08-13,west,free,1
597,2024-03-02,east,basic,0
598,2025-06-27,south,basic,0
599,2025-02-26,north,free,0
600,2024-10-03,west,pro,0
601,2024-08-06,east,free,1
602,2025-03-24,south,free,0
603,2024-05-18,north,basic,0
604,2024-05-09,north,basic,1
605,2025-09-03,south,pro,0
606,2025-06-15,south,free,1
607,2025-02-17,north,free,0
608,2025-06-14,south,free,1
609,2024-08-13,south,pro,0
610,2025-05-19,north,basic,0
611,2024-05-24,south,basic,0
612,2024-11-07,south,free,1
613,2024-04-12,south,pro,0
614,2024-09-21,east,free,0
615,2024-08-26,south,basic,0
616,2024-10-20,north,basic,0
617,2024-11-29,east,basic,0
618,2024-01-24,south,basic,0
619,2024-08-27,south,free,0
620,2025-08-14,east,free,0
621,2024-10-30,east,pro,0
622,2025-01-14,west,basic,0
623,2024-03-13,west,free,0
624,2024-09-28,east,free,0
625,2025-11-09,east,basic,0
626,2025-01-18,north,basic,0
627,2024-01-15,east,basic,1
628,2025-05-20,north,free,0
629,2025-06-22,north,basic,0
630,2024-09-24,north,pro,0
631,2024-01-23,south,basic,0
632,2025-08-04,north,basic,0
633,2024-06-25,east,pro,0
634,2025-10-05,east,basic,0
635,2024-09-11,east,free,0
636,2024-09-28,north,free,0
637,2025-07-09,east,basic,0
638,2024-04-06,west,basic,1
639,2024-01-21,north,pro,0
640,2025-06-16,north,free,0
641,2025-10-10,north,free,0
642,2025-11-26,south,basic,0
643,2024-03-31,north,basic,0
644,2024-04-13,south,free,1
645,2024-08-25,south,basic,0
646,2025-05-13,east,free,1
647,2025-09-30,south,pro,0
648,2025-07-31,east,free,0
649,2024-09-19,north,free,0
650,2025-10-06,east,basic,0
651,2024-06-28,east,free,0
652,2024-03-27,east,free,1
653,2024-10-31,north,free,1
654,2024-03-05,west,free,0
655,2025-04-20,south,free,1
656,2025-11-22,north,free,1
657,2024-03-16,south,basic,0
658,2024-03-22,south,free,0
659,2024-05-04,south,basic,0
660,2024-05-03,north,pro,0
661,2025-01-09,north,basic,0
662,2025-02-06,south,free,0
663,2025-10-27,east,pro,0
664,2024-11-08,south,free,0
665,2025-10-10,north,free,0
666,2025-06-09,south,basic,0
667,2025-08-21,north,basic,0
668,2024-05-13,north,free,0
669,2024-11-14,west,free,0
670,2025-10-02,north,basic,0
671,2025-06-09,south,free,0
672,2024-06-01,south,free,0
673,2025-08-15,north,free,0
674,2025-06-22,west,free,0
675,2024-04-12,west,free,1
676,2024-02-17,north,basic,0
677,2024-06-30,south,basic,0
678,2024-11-27,south,free,0
679,2024-04-17,north,basic,0
680,2024-01-23,east,basic,0
681,2024-03-18,east,basic,0
682,2024-08-07,east,free,0
683,2024-09-29,east,pro,0
684,2024-08-06,north,free,0
685,2024-11-09,north,basic,0
686,2025-05-18,south,free,0
687,2024-06-22,east,free,0
688,2024-11-14,south,basic,1
689,2025-05-25,south,basic,0
690,2024-02-09,west,pro,0
691,2025-10-19,north,pro,0
692,2025-11-27,north,free,0
693,2024-07-22,north,basic,0
694,2025-09-14,west,basic,0
695,2024-06-25,north,free,0
696,2025-10-03,north,basic,0
697,2025-04-07,south,pro,0
698,2024-06-21,east,free,0
699,2024-02-13,north,free,0
700,2024-10-02,west,free,0
701,2025-06-05,north,free,0
702,2024-06-08,east,free,0
703,2024-12-26,north,free,0
704,2024-03-28,west,basic,0
705,2024-10-24,north,basic,0
706,2024-01-24,east,basic,0
707,2025-11-21,west,free,0
708,2024-12-18,north,free,0
709,2025-08-12,north,pro,1
710,2024-03-27,south,free,1
711,2024-04-27,south,pro,0
712,2024-05-03,south,free,1
713,2025-02-02,east,basic,0
714,2025-08-25,south,basic,0
715,2025-03-01,south,free,0
716,2024-12-04,south,free,0
717,2025-10-21,south,free,0
718,2024-05-08,south,free,1
719,2024-04-25,north,free,0
720,2025-04-13,north,free,0
721,2025-08-21,north,free,0
722,2024-07-05,north,free,1
723,2024-07-01,east,free,0
724,2025-01-03,north,free,0
725,2025-06-28,north,free,0
726,2024-07-17,south,basic,0
727,2025-07-30,south,free,0
728,2024-12-27,north,pro,0
729,2025-05-08,south,free,0
730,2025-03-15,south,pro,0
731,2024-12-02,east,free,1
732,2025-01-10,west,free,1
733,2025-11-27,west,free,1
734,2024-10-03,south,pro,1
735,2025-10-23,south,free,1
736,2025-07-07,south,basic,0
737,2024-05-07,north,basic,0
738,2025-09-03,west,free,0
739,2024-09-25,north,free,0
740,2024-05-05,north,free,1
741,2024-06-26,east,free,0
742,2024-04-05,south,basic,0
743,2024-08-25,north,free,0
744,2024-03-20,west,pro,1
745,2025-01-15,south,free,0
746,2025-11-16,south,free,0
747,2025-11-05,north,basic,0
748,2025-10-21,west,free,1
749,2024-06-19,north,basic,0
750,2024-06-10,south,free,0
751,2025-04-19,west,free,1
752,2025-11-09,west,free,0
753,2025-08-01,west,free,0
754,2024-05-25,west,pro,0
755,2025-05-30,north,basic,0
756,2024-12-20,north,free,1
757,2024-11-05,south,basic,0
758,2024-12-14,north,pro,0
759,2025-01-16,west,free,1
760,2025-10-02,north,pro,0
761,2025-07-08,south,free,0
762,2024-01-29,north,basic,0
763,2025-06-17,north,free,0
764,2024-08-08,south,free,0
765,2024-08-24,north,free,1
766,2025-02-23,west,basic,0
767,2025-11-19,east,free,0
768,2024-02-16,south,basic,0
769,2024-12-25,west,pro,0
770,2024-06-14,east,free,0
771,2025-10-01,south,free,1
772,2024-11-21,west,basic,0
773,2025-08-21,west,free,1
774,2025-09-08,east,free,0
775,2024-03-11,south,basic,0
776,2025-06-16,west,basic,0
777,2025-07-07,west,pro,0
778,2025-08-03,south,pro,0
779,2025-11-22,north,basic,0
780,2025-06-16,west,free,0
781,2025-08-06,east,pro,0
782,2025-05-10,north,basic,0
783,2024-07-25,south,free,1
784,2025-08-17,south,pro,0
785,2025-05-05,west,free,0
786,2025-04-22,south,basic,0
787,2025-11-12,north,basic,0
788,2025-05-29,north,pro,0
789,2024-08-25,south,basic,0
790,2024-07-30,west,pro,0
791,2024-08-17,north,free,0
792,2024-04-27,south,free,0
793,2024-02-26,west,free,0
794,2025-06-13,north,basic,1
795,2025-07-02,north,free,1
796,2024-04-26,west,free,0
797,2024-10-02,north,free,1
798,2025-10-05,west,basic,0
799,2025-08-09,west,free,0
800,2025-02-21,north,basic,0
801,2025-11-10,south,free,0
802,2024-08-18,south,pro,0
803,2025-08-13,east,basic,0
804,2025-10-17,south,free,0
805,2025-02-18,south,free,0
806,2024-04-18,north,free,0
807,2024-07-24,north,free,1
808,2024-12-26,north,free,0
809,2024-07-14,west,free,0
810,2024-03-05,west,free,1
811,2024-04-29,south,free,0
812,2025-11-06,east,free,0
813,2024-09-24,south,pro,0
814,2025-02-06,north,basic,0
815,2024-11-03,south,free,0
816,2025-07-16,west,free,0
817,2024-03-11,south,free,0
818,2024-07-16,south,free,1
819,2025-02-13,west,free,1
820,2025-07-15,north,free,0
821,2024-11-19,west,free,0
822,2025-05-06,north,basic,0
823,2025-07-14,east,free,1
824,2025-03-26,west,basic,0
825,2025-07-27,west,free,0
826,2025-10-27,west,basic,0
827,2024-06-01,east,free,0
828,2024-10-30,west,free,0
829,2024-06-07,north,free,0
830,2024-10-17,south,free,1
831,2024-01-02,north,basic,0
832,2025-04-29,north,free,0
833,2024-06-13,south,free,0
834,2025-08-07,east,free,0
835,2025-05-18,east,basic,0
836,2024-08-22,north,basic,0
837,2024-11-13,west,basic,1
838,2025-04-13,north,free,1
839,2024-10-18,north,basic,0
840,2024-05-26,west,basic,1
841,2024-01-31,west,free,1
842,2025-01-21,east,basic,0
843,2025-01-07,south,basic,0
844,2025-06-22,south,free,1
845,2024-03-31,west,free,1
846,2024-02-15,south,basic,0
847,2025-05-30,west,free,0
848,2025-05-24,east,free,0
849,2025-07-13,south,basic,0
850,2024-01-11,west,pro,0
851,2025-04-03,south,free,0
852,2025-11-01,east,free,1
853,2025-06-18,east,basic,0
854,2024-11-24,south,pro,0
855,2024-11-28,south,free,1
856,2024-10-13,east,basic,0
857,2024-02-08,south,free,1
858,2025-05-19,north,basic,0
859,2025-01-11,west,free,1
860,2025-01-01,west,basic,0
861,2025-10-14,north,free,0
862,2025-05-26,west,basic,0
863,2025-11-02,south,free,0
864,2024-02-29,north,free,0
865,2025-10-28,west,free,0
866,2025-01-28,south,free,0
867,2024-10-08,east,free,0
868,2025-01-25,west,free,0
869,2024-01-26,south,basic,0
870,2025-10-14,north,free,0
871,2025-03-16,west,basic,1
872,2024-01-28,east,free,0
873,2025-10-01,west,basic,0
874,2024-11-12,north,basic,0
875,2024-03-24,east,pro,0
876,2025-03-17,west,basic,0
877,2024-02-18,south,free,0
878,2025-01-20,south,free,1
879,2025-06-16,south,free,1
880,2024-02-21,north,basic,1
881,2025-07-07,north,free,1
882,2025-02-19,south,basic,0
883,2024-08-14,north,free,0
884,2024-06-04,east,pro,0
885,2024-01-08,south,free,0
886,2024-05-16,south,basic,0
887,2024-07-18,north,basic,0
888,2025-09-07,south,free,0
889,2024-12-25,east,basic,0
890,2024-05-18,south,free,0
891,2025-06-04,south,free,0
892,2024-11-14,south,free,0
893,2025-08-07,south,free,0
894,2025-06-09,west,basic,0
895,2025-10-15,north,free,1
896,2025-05-10,south,free,0
897,2024-03-17,east,free,1
898,2025-01-22,north,basic,0
899,2024-10-24,west,basic,0
900,2025-07-18,south,free,0
901,2024-04-17,north,basic,1
902,2024-11-22,east,basic,0
903,2025-07-31,west,basic,0
904,2025-03-10,east,basic,0
905,2024-01-27,west,free,0
906,2025-07-27,north,basic,0
907,2024-09-13,south,pro,0
908,2025-04-19,east,basic,0
909,2025-04-02,west,free,1
910,2025-03-25,east,pro,0
911,2024-10-18,east,free,0
912,2024-10-11,south,free,1
913,2024-03-11,south,basic,0
914,2025-01-25,south,pro,0
915,2024-07-22,west,free,1
916,2024-10-04,west,free,1
917,2024-04-27,east,free,1
918,2025-06-05,west,basic,0
919,2025-10-08,north,free,1
920,2024-09-23,east,basic,0
921,2024-10-23,south,basic,0
922,2024-11-22,east,free,1
923,2024-02-20,north,pro,0
924,2025-06-12,south,free,0
925,2025-09-08,west,basic,0
926,2024-12-18,north,free,0
927,2024-02-13,north,free,0
928,2024-08-24,south,free,0
929,2024-04-20,west,free,0
930,2025-08-01,north,free,0
931,2025-07-14,west,free,1
932,2024-09-23,north,free,0
933,2024-09-20,south,free,0
934,2025-08-14,south,free,0
935,2024-03-03,east,basic,1
936,2025-07-03,west,pro,0
937,2025-11-04,west,free,0
938,2024-11-09,north,pro,0
939,2025-06-12,east,basic,0
940,2025-05-14,east,free,1
941,2025-09-19,south,free,0
942,2024-01-25,east,pro,0
943,2025-05-08,west,free,0
944,2024-09-29,south,free,0
945,2025-08-24,west,basic,0
946,2025-08-25,north,basic,1
947,2024-07-19,north,pro,0
948,2025-02-09,east,basic,0
949,2024-12-11,south,free,1
950,2025-01-25,south,free,0
951,2025-08-05,south,free,0
952,2025-04-10,north,basic,0
953,2025-06-13,east,pro,1
954,2025-04-19,east,free,0
955,2024-06-24,north,free,0
956,2025-02-12,north,free,0
957,2024-09-22,west,free,1
958,2024-10-21,west,basic,0
959,2024-03-19,west,pro,0
960,2024-05-08,south,free,0
961,2024-08-28,south,basic,0
962,2024-07-23,south,pro,0
963,2025-03-21,north,free,0
964,2024-07-24,south,pro,0
965,2024-06-22,north,basic,1
966,2024-10-28,north,basic,0
967,2025-02-01,south,free,0
968,2025-11-30,north,free,1
969,2024-12-23,south,free,1
970,2024-09-03,east,pro,1
971,2024-08-13,east,basic,1
972,2024-11-09,west,free,1
973,2025-10-10,west,basic,0
974,2024-09-17,east,free,0
975,2024-06-21,west,basic,0
976,2025-02-10,south,basic,0
977,2025-06-25,east,pro,0
978,2025-10-25,north,basic,0
979,2024-07-15,south,free,1
980,2025-09-14,west,free,0
981,2025-08-21,south,basic,0
982,2024-09-20,south,pro,0
983,2024-08-22,east,free,0
984,2024-07-05,south,free,0
985,2024-08-10,west,free,0
986,2025-09-11,north,free,0
987,2024-08-05,north,free,0
988,2024-12-11,north,free,0
989,2025-10-16,north,free,0
990,2025-04-24,west,basic,0
991,2024-04-01,north,pro,0
992,2024-02-21,north,pro,0
993,2024-06-05,south,free,0
994,2025-08-29,east,basic,0
995,2024-06-07,east,basic,0
996,2024-08-07,south,free,1
997,2025-01-13,north,basic,0
998,2024-12-12,west,free,0
999,2024-02-22,north,free,0
1000,2024-05-18,north,free,1
1001,2025-11-27,north,basic,0
1002,2024-10-21,south,free,1
1003,2024-07-13,west,basic,0
1004,2025-08-02,east,basic,0
1005,2024-11-22,south,free,1
1006,2025-08-02,south,pro,0
1007,2024-04-21,east,free,0
1008,2024-11-27,east,free,0
1009,2025-07-21,south,basic,0
1010,2025-06-21,north,free,0
1011,2025-04-18,north,basic,0
1012,2024-11-16,east,free,0
1013,2025-07-30,east,free,0
1014,2024-09-18,east,basic,0
1015,2025-04-06,north,free,0
1016,2025-01-17,west,pro,0
1017,2024-07-30,south,free,0
1018,2024-05-20,west,free,0
1019,2025-01-07,south,pro,0
1020,2024-08-09,south,free,0
1021,2024-12-27,west,free,1
1022,2025-05-09,east,free,0
1023,2025-07-15,east,basic,0
1024,2025-06-23,north,free,0
1025,2024-12-23,east,basic,0
1026,2024-02-09,south,basic,0
1027,2024-05-06,north,basic,1
1028,2025-05-27,north,basic,0
1029,2025-02-20,south,pro,0
1030,2025-07-26,north,free,1
1031,2024-12-09,east,pro,0
1032,2024-11-07,north,basic,0
1033,2024-06-20,north,free,0
1034,2024-02-13,west,free,0
1035,2024-04-10,south,free,0
1036,2025-04-23,south,free,0
1037,2025-02-09,north,basic,0
1038,2024-06-21,north,basic,0
1039,2024-09-10,south,free,1
1040,2025-03-26,east,pro,0
1041,2024-09-24,north,basic,0
1042,2024-09-20,west,free,0
1043,2024-07-08,west,free,0
1044,2025-03-22,south,free,0
1045,2025-09-15,south,pro,0
1046,2024-06-29,north,basic,0
1047,2024-07-22,north,free,0
1048,2024-11-29,south,basic,0
1049,2024-05-13,west,basic,0
1050,2025-01-02,north,basic,0
1051,2025-09-11,east,free,0
1052,2025-03-17,east,free,0
1053,2024-04-25,north,free,0
1054,2024-05-22,north,basic,0
1055,2024-02-23,east,free,0
1056,2025-11-04,east,free,0
1057,2024-08-30,south,basic,0
1058,2024-07-21,west,free,0
1059,2025-08-24,north,pro,0
1060,2024-08-02,south,free,0
1061,2024-06-11,north,free,0
1062,2024-06-28,east,free,0
1063,2024-10-04,north,free,0
1064,2024-02-17,north,free,1
1065,2025-03-24,east,free,1
1066,2024-10-23,south,basic,0
1067,2025-11-10,east,free,0
1068,2025-06-24,east,basic,0
1069,2024-09-26,east,free,0
1070,2025-05-11,north,basic,0
1071,2025-07-18,east,pro,0
1072,2024-05-16,north,pro,0
1073,2024-04-21,north,basic,0
1074,2024-04-05,south,pro,0
1075,2024-02-01,north,free,0
1076,2024-08-12,north,free,0
1077,2025-07-09,east,free,0
1078,2025-06-21,east,basic,0
1079,2024-09-21,south,basic,1
1080,2024-12-07,south,free,0
1081,2025-06-21,north,free,1
1082,2025-10-08,south,basic,0
1083,2024-07-16,south,free,1
1084,2025-04-04,west,pro,0
1085,2025-02-19,north,free,0
1086,2025-03-10,west,free,0
1087,2025-07-15,west,free,1
1088,2025-06-21,south,free,1
1089,2024-10-03,east,basic,0
1090,2025-06-09,west,free,0
1091,2024-02-08,east,free,0
1092,2024-08-28,north,basic,0
1093,2024-06-01,east,basic,0
1094,2024-06-28,west,free,0
1095,2025-09-23,north,free,0
1096,2024-11-02,south,free,0
1097,2024-02-21,north,free,0
1098,2024-12-08,west,free,1
1099,2024-02-18,east,free,0
1100,2024-04-09,north,pro,1
1101,2024-09-25,east,free,0
1102,2024-11-04,east,basic,0
1103,2024-06-11,north,basic,0
1104,2025-03-23,south,free,0
1105,2024-12-13,east,basic,1
1106,2024-04-05,south,free,0
1107,2025-07-29,south,free,0
1108,2024-04-06,west,free,0
1109,2024-09-08,east,pro,0
1110,2024-05-01,south,free,1
1111,2025-10-22,north,free,0
1112,2024-07-17,north,basic,1
1113,2025-08-29,west,free,0
1114,2025-11-04,east,basic,0
1115,2024-06-02,west,free,0
1116,2024-01-19,south,free,0
1117,2024-01-10,south,basic,0
1118,2024-05-08,south,free,1
1119,2024-10-07,east,free,0
1120,2024-04-25,south,basic,0
1121,2025-10-31,south,free,0
1122,2024-11-28,south,pro,1
1123,2025-08-16,east,free,0
1124,2024-01-11,north,basic,0
1125,2024-04-02,north,basic,0
1126,2024-11-16,north,basic,0
1127,2024-04-23,north,basic,0
1128,2024-04-24,west,free,0
1129,2024-01-17,east,basic,0
1130,2024-07-07,east,basic,0
1131,2025-06-18,south,free,1
1132,2025-07-08,north,basic,0
1133,2024-12-22,south,free,0
1134,2024-05-08,west,free,0
1135,2024-11-10,south,basic,0
1136,2025-03-07,east,basic,0
1137,2024-04-13,south,basic,0
1138,2024-10-11,north,pro,0
1139,2025-07-30,east,basic,0
1140,2024-10-19,south,pro,0
1141,2024-11-25,south,basic,0
1142,2025-07-25,north,free,0
1143,2025-04-14,east,free,0
1144,2024-04-22,south,free,1
1145,2025-03-02,south,free,0
1146,2025-10-08,north,free,0
1147,2024-05-28,east,basic,0
1148,2025-09-17,south,basic,0
1149,2025-02-14,south,basic,0
1150,2025-04-12,west,free,0
1151,2024-08-19,east,free,1
1152,2024-02-04,east,free,0
1153,2024-01-19,south,pro,0
1154,2025-04-09,west,free,1
1155,2025-11-18,south,free,0
1156,2025-02-24,west,basic,0
1157,2024-09-07,west,free,1
1158,2025-06-24,east,pro,0
1159,2025-10-23,west,free,1
1160,2024-05-29,south,free,0
1161,2024-03-13,east,free,0
1162,2025-10-29,north,free,0
1163,2024-02-01,west,basic,0
1164,2025-09-12,west,free,0
1165,2024-04-10,north,free,0
1166,2024-03-21,north,basic,0
1167,2024-07-12,south,free,0
1168,2024-08-08,east,basic,0
1169,2024-08-19,north,basic,0
1170,2024-01-23,west,basic,0
1171,2025-08-20,south,pro,1
1172,2025-08-04,west,basic,0
1173,2025-04-21,east,free,0
1174,2025-10-02,south,basic,0
1175,2025-10-18,south,free,0
1176,2025-11-23,north,free,1
1177,2024-09-19,north,free,0
1178,2025-03-04,east,free,0
1179,2025-06-18,east,free,0
1180,2025-04-11,west,free,1
1181,2025-07-07,south,basic,0
1182,2025-04-19,west,free,0
1183,2024-09-27,north,free,0
1184,2025-02-03,west,free,0
1185,2024-05-19,west,free,0
1186,2025-10-28,north,basic,0
1187,2025-09-18,west,free,0
1188,2025-03-01,east,basic,0
1189,2025-06-21,east,free,0
1190,2024-08-23,west,free,1
1191,2024-09-24,south,pro,0
1192,2024-12-25,south,free,0
1193,2024-07-03,south,basic,0
1194,2024-01-14,west,free,0
1195,2024-10-03,west,free,1
1196,2025-05-21,north,free,0
1197,2024-07-01,east,basic,0
1198,2025-04-30,north,free,0
1199,2025-02-23,north,basic,0
1200,2024-10-21,north,free,0
1201,2025-05-22,south,basic,0
1202,2025-08-19,north,free,1
1203,2025-10-28,north,free,0
1204,2025-06-12,north,basic,0
1205,2024-03-05,south,basic,0
1206,2024-08-23,east,free,0
1207,2025-01-04,north,free,0
1208,2024-02-24,south,free,1
1209,2024-10-19,east,basic,0
1210,2024-04-02,north,free,0
1211,2025-01-22,north,basic,0
1212,2024-05-08,west,basic,0
1213,2024-07-08,west,basic,0
1214,2024-07-31,west,free,0
1215,2025-11-12,north,free,0
1216,2024-11-09,east,free,0
1217,2025-01-24,south,free,1
1218,2025-10-11,north,free,0
1219,2024-01-10,south,pro,0
1220,2024-07-13,west,free,1
1221,2024-10-24,west,pro,0
1222,2025-09-21,south,free,0
1223,2025-05-20,north,free,1
1224,2025-04-21,west,free,0
1225,2024-09-21,west,free,1
1226,2025-08-20,south,pro,0
1227,2024-05-10,north,basic,0
1228,2024-10-09,south,pro,0
1229,2024-09-06,east,free,0
1230,2024-01-03,south,free,0
1231,2024-03-05,south,basic,0
1232,2025-07-04,north,pro,0
1233,2025-10-22,north,free,0
1234,2024-06-20,north,basic,0
1235,2024-02-24,north,free,1
1236,2024-04-09,west,basic,0
1237,2024-02-10,north,free,0
1238,2025-07-13,east,pro,0
1239,2024-02-03,east,pro,0
1240,2025-04-25,south,free,0
1241,2025-07-09,south,free,0
1242,2024-05-28,north,free,0
1243,2024-06-09,east,free,0
1244,2024-07-06,east,free,1
1245,2025-06-15,east,free,1
1246,2025-10-19,south,free,1
1247,2025-06-12,west,free,0
1248,2024-07-06,west,free,0
1249,2025-05-16,south,pro,0
1250,2025-05-06,east,free,0
1251,2024-10-23,north,pro,0
1252,2024-03-31,west,free,0
1253,2024-08-08,east,free,0
1254,2025-07-24,west,pro,0
1255,2024-12-27,north,free,1
1256,2024-03-23,west,free,0
1257,2025-10-02,north,free,0
1258,2024-12-27,south,pro,0
1259,2024-09-01,north,free,1
1260,2024-01-25,north,free,1
1261,2025-02-04,east,free,1
1262,2025-01-20,north,free,1
1263,2024-04-15,south,basic,0
1264,2025-08-15,north,free,0
1265,2024-12-18,west,basic,0
1266,2024-02-29,north,pro,0
1267,2024-05-16,south,free,0
1268,2024-07-10,west,free,0
1269,2025-06-08,east,basic,0
1270,2025-06-19,east,basic,0
1271,2025-07-28,west,free,1
1272,2025-03-01,north,free,0
1273,2025-09-28,east,free,0
1274,2024-08-06,east,basic,1
1275,2025-02-12,east,free,1
1276,2025-03-16,east,pro,0
1277,2024-09-14,north,free,1
1278,2024-11-14,north,free,1
1279,2025-05-08,east,free,0
1280,2025-08-26,east,free,1
1281,2025-10-07,north,free,1
1282,2024-07-24,north,basic,0
1283,2025-05-17,south,pro,0
1284,2025-06-14,north,free,1
1285,2025-10-18,east,basic,0
1286,2025-03-20,south,free,1
1287,2024-05-20,west,free,0
1288,2025-06-02,north,free,0
1289,2024-04-29,south,pro,0
1290,2024-09-21,north,free,0
1291,2024-12-08,east,basic,0
1292,2025-05-22,south,free,0
1293,2024-04-27,north,basic,0
1294,2025-05-03,west,free,0
1295,2024-04-10,east,free,0
1296,2024-09-28,south,basic,0
1297,2024-03-26,west,free,0
1298,2024-01-19,south,basic,0
1299,2024-08-16,west,basic,0
1300,2025-11-05,north,free,0
1301,2025-01-27,west,free,0
1302,2025-05-14,north,free,0
1303,2024-06-09,east,free,0
1304,2024-05-23,north,free,0
1305,2025-09-25,south,free,0
1306,2025-05-26,east,basic,0
1307,2024-12-08,north,pro,1
1308,2024-07-14,north,basic,0
1309,2025-08-26,north,free,1
1310,2024-11-24,east,free,0
1311,2024-02-06,north,basic,1
1312,2025-08-24,south,basic,0
1313,2024-10-19,south,basic,0
1314,2024-11-09,north,basic,1
1315,2024-09-24,west,free,0
1316,2024-07-20,south,pro,0
1317,2025-02-24,east,free,1
1318,2024-08-01,east,free,0
1319,2024-12-22,west,pro,0
1320,2024-02-23,north,free,0
1321,2025-08-06,north,pro,0
1322,2024-06-02,south,free,1
1323,2025-02-27,north,free,1
1324,2024-07-08,north,basic,0
1325,2024-05-09,west,basic,0
1326,2024-05-01,east,free,0
1327,2025-05-09,south,basic,0
1328,2024-02-14,north,free,0
1329,2025-07-11,east,basic,0
1330,2024-11-22,south,free,0
1331,2024-11-13,north,free,0
1332,2024-05-30,west,free,0
1333,2024-09-06,west,basic,0
1334,2025-06-01,west,free,0
1335,2025-09-15,west,basic,0
1336,2025-10-07,south,free,0
1337,2025-03-10,south,basic,0
1338,2024-07-10,east,pro,0
1339,2024-02-23,north,free,1
1340,2025-02-04,east,free,0
1341,2025-01-21,north,pro,0
1342,2024-12-20,north,pro,0
1343,2025-01-03,east,pro,0
1344,2024-02-22,south,free,0
1345,2024-10-02,east,basic,0
1346,2024-03-28,east,free,0
1347,2025-08-21,west,free,0
1348,2025-09-11,east,basic,0
1349,2025-07-30,west,free,0
1350,2024-11-27,east,free,0
1351,2025-07-15,west,free,0
1352,2025-07-17,west,free,0
1353,2024-08-31,north,free,0
1354,2024-02-16,north,basic,0
1355,2025-08-13,south,free,1
1356,2025-02-20,north,pro,0
1357,2024-11-09,north,pro,0
1358,2025-08-28,west,pro,0
1359,2025-10-27,north,basic,0
1360,2025-08-29,north,free,0
1361,2024-01-09,east,free,1
1362,2024-01-05,north,free,1
1363,2024-12-08,north,free,0
1364,2024-12-31,west,free,0
1365,2024-06-12,east,pro,0
1366,2024-09-15,south,pro,0
1367,2025-01-31,north,basic,0
1368,2025-06-16,north,free,0
1369,2025-06-13,west,pro,0
1370,2024-02-21,east,basic,0
1371,2024-09-25,north,free,0
1372,2024-07-04,east,free,1
1373,2024-07-21,south,free,0
1374,2025-07-22,east,free,0
1375,2024-10-27,north,basic,0
1376,2024-11-24,north,free,1
1377,2025-11-16,north,free,0
1378,2024-11-13,north,free,0
1379,2025-06-10,west,pro,0
1380,2025-11-08,west,free,0
1381,2025-11-14,east,basic,0
1382,2024-08-11,east,free,1
1383,2024-10-09,north,basic,0
1384,2024-01-30,south,basic,0
1385,2025-06-07,west,basic,0
1386,2024-10-01,west,basic,0
1387,2024-01-09,south,free,1
1388,2024-04-17,east,free,0
1389,2024-05-04,west,free,1
1390,2024-02-27,west,free,0
1391,2024-02-19,north,free,0
1392,2025-02-01,east,basic,0
1393,2024-06-12,south,free,0
1394,2025-10-29,south,free,0
1395,2025-02-04,south,basic,1
1396,2025-02-09,north,basic,0
1397,2025-01-01,north,pro,0
1398,2025-03-28,east,free,0
1399,2025-07-01,east,free,0
1400,2024-08-14,west,basic,0
1401,2025-03-05,north,free,0
1402,2025-02-03,north,basic,0
1403,2025-04-25,south,free,0
1404,2025-06-10,west,free,0
1405,2025-06-18,south,basic,0
1406,2025-02-16,north,basic,0
1407,2024-02-19,south,basic,0
1408,2025-07-15,west,basic,0
1409,2025-11-08,west,basic,0
1410,2025-01-20,west,free,0
1411,2024-11-03,south,free,1
1412,2024-05-18,north,free,1
1413,2024-11-17,west,basic,0
1414,2025-02-11,east,free,0
1415,2025-06-26,west,free,0
1416,2024-12-09,south,free,0
1417,2024-05-07,north,free,1
1418,2024-04-26,north,free,1
1419,2025-01-08,west,pro,0
1420,2025-03-09,west,pro,0
1421,2025-09-09,south,free,0
1422,2025-07-25,west,free,1
1423,2025-02-09,south,free,0
1424,2024-04-04,south,free,0
1425,2025-08-01,south,free,0
1426,2025-01-16,north,free,1
1427,2025-08-13,north,free,0
1428,2025-05-28,north,free,1
1429,2024-08-09,north,basic,0
1430,2024-10-09,south,free,0
1431,2024-10-15,north,pro,0
1432,2024-07-08,east,basic,0
1433,2025-06-22,north,free,0
1434,2024-09-17,south,basic,0
1435,2025-05-02,east,pro,0
1436,2025-01-14,north,free,1
1437,2024-10-13,south,basic,0
1438,2025-04-25,south,free,0
1439,2024-05-02,south,free,1
1440,2025-01-26,west,free,1
1441,2024-04-12,east,free,0
1442,2024-03-15,north,basic,0
1443,2025-08-03,west,free,0
1444,2025-07-26,south,free,0
1445,2025-04-17,east,pro,0
1446,2025-10-08,north,free,0
1447,2025-02-28,south,free,0
1448,2024-03-11,east,pro,0
1449,2024-09-25,east,basic,0
1450,2024-06-23,west,basic,0
1451,2025-05-20,north,free,1
1452,2024-05-01,west,basic,0
1453,2025-02-26,south,free,1
1454,2025-08-17,east,basic,0
1455,2024-05-08,west,free,0
1456,2025-09-29,south,free,0
1457,2025-05-07,west,pro,0
1458,2024-01-31,west,basic,0
1459,2025-01-08,west,pro,0
1460,2024-08-20,south,free,0
1461,2025-05-04,south,free,0
1462,2024-05-14,north,free,0
1463,2024-12-10,east,free,0
1464,2024-11-24,west,free,0
1465,2024-12-14,north,free,0
1466,2025-10-07,east,free,1
1467,2025-10-21,east,free,0
1468,2024-02-19,north,pro,0
1469,2025-07-04,west,free,1
1470,2024-04-29,south,basic,0
1471,2024-04-19,north,free,0
1472,2024-12-06,north,free,0
1473,2025-11-13,east,pro,0
1474,2025-01-01,south,free,0
1475,2025-02-14,south,free,0
1476,2025-06-05,north,basic,0
1477,2024-11-30,east,free,1
1478,2024-11-02,south,free,1
1479,2025-05-02,west,basic,0
1480,2024-04-08,east,basic,0
1481,2025-09-08,east,free,1
1482,2024-09-04,north,basic,0
1483,2025-02-15,north,free,0
1484,2025-11-18,west,basic,0
1485,2025-06-17,west,free,0
1486,2025-06-09,east,free,0
1487,2025-07-24,west,basic,0
1488,2024-03-22,east,free,0
1489,2024-11-04,east,basic,0
1490,2025-07-19,south,pro,0
1491,2024-07-01,south,free,0
1492,2024-08-05,south,basic,1
1493,2025-09-06,north,free,0
1494,2025-06-30,south,pro,0
1495,2024-06-24,south,free,0
1496,2024-01-09,north,free,1
1497,2024-12-03,south,free,0
1498,2025-09-01,north,free,1
1499,2025-01-17,east,free,1
1500,2024-04-23,west,pro,0
1501,2024-12-03,east,basic,0
1502,2024-11-15,east,basic,0
1503,2025-02-26,east,basic,0
1504,2025-04-08,north,free,1
1505,2024-06-20,south,pro,0
1506,2024-12-21,west,basic,0
1507,2024-12-09,west,free,0
1508,2024-04-25,north,free,0
1509,2024-12-15,north,free,0
1510,2024-04-07,west,free,0
1511,2024-05-16,west,free,0
1512,2024-07-18,east,free,0
1513,2025-11-10,west,pro,0
1514,2024-02-06,south,free,0
1515,2025-08-23,west,basic,0
1516,2024-05-31,north,free,0
1517,2025-10-25,south,basic,0
1518,2024-04-01,east,basic,0
1519,2025-03-03,north,free,0
1520,2024-11-21,east,pro,1
1521,2024-06-07,north,free,0
1522,2024-09-06,east,free,0
1523,2024-10-11,west,basic,0
1524,2025-02-14,south,free,0
1525,2025-05-28,west,pro,0
1526,2024-07-15,east,free,1
1527,2024-09-24,east,free,0
1528,2024-01-24,north,basic,0
1529,2024-06-30,north,pro,0
1530,2024-08-19,east,pro,0
1531,2025-07-18,west,free,0
1532,2025-06-12,east,basic,0
1533,2025-06-24,west,free,1
1534,2024-06-28,north,basic,0
1535,2024-05-30,west,free,0
1536,2024-10-10,west,basic,0
1537,2024-10-26,east,basic,0
1538,2025-06-12,south,free,0
1539,2025-08-28,east,free,0
1540,2024-10-11,north,free,0
1541,2024-05-30,east,pro,0
1542,2025-09-12,east,free,0
1543,2025-01-10,south,basic,0
1544,2025-10-04,north,pro,0
1545,2024-09-29,north,free,0
1546,2024-08-05,north,pro,1
1547,2024-02-12,west,free,0
1548,2025-05-30,north,free,0
1549,2024-12-12,north,free,0
1550,2024-06-26,north,basic,0
1551,2024-11-08,south,free,1
1552,2024-04-07,south,basic,0
1553,2025-11-10,west,basic,0
1554,2024-11-02,west,basic,0
1555,2024-07-29,west,free,0
1556,2025-02-25,west,basic,0
1557,2025-07-10,south,basic,1
1558,2025-10-16,north,free,0
1559,2025-04-22,west,free,0
1560,2024-04-12,north,basic,0
1561,2024-10-19,east,pro,0
1562,2025-05-13,north,free,0
1563,2025-07-30,west,free,1
1564,2024-11-28,north,basic,0
1565,2025-08-19,south,free,0
1566,2024-04-02,north,pro,0
1567,2024-08-28,west,basic,0
1568,2025-11-11,east,free,0
1569,2024-05-17,east,pro,1
1570,2025-05-02,south,basic,0
1571,2024-05-27,north,basic,1
1572,2024-03-31,west,pro,0
1573,2024-04-21,east,basic,0
1574,2025-09-26,east,pro,0
1575,2025-11-17,west,free,0
1576,2024-03-13,south,free,0
1577,2025-05-10,north,basic,0
1578,2024-03-05,east,free,1
1579,2025-07-27,north,basic,0
1580,2024-08-20,south,basic,1
1581,2024-02-02,south,basic,0
1582,2025-10-18,south,basic,0
1583,2025-10-06,west,basic,0
1584,2024-01-24,west,pro,0
1585,2024-09-29,south,basic,0
1586,2025-10-04,west,pro,0
1587,2024-09-02,west,free,0
1588,2025-03-04,east,free,1
1589,2025-08-31,south,basic,0
1590,2024-02-16,west,free,0
1591,2024-12-10,south,pro,0
1592,2025-02-02,north,free,0
1593,2025-10-08,north,basic,0
1594,2024-11-17,east,free,0
1595,2025-08-09,south,basic,0
1596,2025-01-29,south,pro,0
1597,2024-10-29,south,pro,0
1598,2025-05-31,north,free,0
1599,2025-08-15,north,free,0
1600,2025-04-20,north,basic,0
1601,2025-03-09,east,free,0
1602,2025-11-29,south,free,0
1603,2025-02-25,south,pro,0
1604,2024-04-19,west,pro,0
1605,2025-10-05,east,free,0
1606,2025-07-22,west,basic,0
1607,2024-09-16,east,pro,0
1608,2024-10-14,west,free,0
1609,2025-04-10,north,basic,0
1610,2025-07-02,south,basic,0
1611,2025-05-07,west,pro,0
1612,2025-09-16,south,free,1
1613,2024-02-19,west,pro,1
1614,2025-11-25,north,pro,0
1615,2024-12-07,north,free,0
1616,2024-07-05,west,basic,0
1617,2024-05-31,south,free,0
1618,2024-11-13,south,basic,0
1619,2024-07-30,west,basic,0
1620,2025-10-21,north,basic,0
1621,2024-12-14,west,pro,0
1622,2025-10-24,south,free,0
1623,2025-04-16,north,free,0
1624,2024-09-18,north,basic,1
1625,2024-10-07,south,free,0
1626,2025-10-20,south,free,1
1627,2025-04-05,west,free,0
1628,2024-10-11,north,basic,1
1629,2025-06-07,north,free,0
1630,2024-09-19,north,basic,0
1631,2024-06-01,east,basic,0
1632,2025-06-13,east,basic,0
1633,2024-02-29,south,basic,0
1634,2024-11-25,east,pro,0
1635,2024-10-15,east,free,0
1636,2024-11-09,north,free,0
1637,2024-05-28,north,basic,1
1638,2024-09-27,west,basic,0
1639,2024-03-27,south,basic,1
1640,2024-10-29,west,basic,0
1641,2025-05-30,south,free,0
1642,2024-04-07,north,free,1
1643,2024-04-15,north,basic,0
1644,2024-02-12,north,basic,0
1645,2025-08-05,south,free,0
1646,2025-06-11,south,free,0
1647,2024-01-31,south,free,0
1648,2025-01-30,south,free,1
1649,2024-11-24,south,free,0
1650,2025-04-15,north,free,0
1651,2024-09-18,north,free,0
1652,2025-07-15,west,free,0
1653,2024-12-21,north,free,0
1654,2024-06-10,east,free,0
1655,2024-12-17,south,free,0
1656,2024-06-12,east,free,1
1657,2024-12-17,south,basic,0
1658,2024-07-13,south,pro,0
1659,2024-10-30,south,free,0
1660,2024-07-31,west,free,0
1661,2025-01-01,south,free,0
1662,2025-06-16,north,basic,0
1663,2025-04-26,north,free,0
1664,2024-09-18,west,basic,0
1665,2024-12-15,south,basic,0
1666,2024-08-14,north,basic,0
1667,2024-08-05,south,pro,0
1668,2025-03-21,west,free,0
1669,2025-07-02,south,free,0
1670,2024-05-10,north,free,0
1671,2024-06-27,south,basic,0
1672,2024-03-15,north,basic,0
1673,2025-11-25,north,free,0
1674,2025-05-02,west,free,0
1675,2024-04-20,south,free,0
1676,2025-06-13,north,free,0
1677,2024-08-02,west,free,1
1678,2024-07-26,west,free,0
1679,2024-12-07,west,pro,0
1680,2025-03-21,north,free,1
1681,2025-04-06,north,basic,0
1682,2024-01-24,south,free,0
1683,2025-06-02,south,free,1
1684,2024-10-10,west,free,0
1685,2025-10-02,west,free,0
1686,2025-02-08,west,basic,0
1687,2025-10-17,south,free,1
1688,2024-06-26,south,free,0
1689,2025-04-09,north,pro,0
1690,2024-08-31,south,pro,0
1691,2025-08-24,north,free,0
1692,2025-03-02,north,free,0
1693,2025-06-10,north,basic,0
1694,2025-02-16,south,free,0
1695,2025-06-18,south,free,0
1696,2024-04-17,east,free,1
1697,2024-06-08,north,basic,0
1698,2025-05-09,north,free,0
1699,2024-05-08,east,pro,0
1700,2024-02-26,east,free,0
1701,2025-01-26,east,free,1
1702,2025-11-09,east,free,0
1703,2024-08-05,east,pro,0
1704,2024-05-21,south,basic,0
1705,2025-05-22,east,free,0
1706,2024-06-26,north,basic,0
1707,2025-06-26,north,free,0
1708,2024-05-20,east,basic,0
1709,2024-05-12,north,free,0
1710,2025-11-25,south,pro,0
1711,2025-02-23,north,free,1
1712,2024-07-19,south,basic,0
1713,2024-11-11,west,free,0
1714,2025-02-27,east,basic,0
1715,2024-02-02,south,free,1
1716,2025-11-24,north,basic,0
1717,2024-12-01,west,basic,0
1718,2025-10-27,east,basic,0
1719,2025-07-07,south,free,1
1720,2024-01-30,west,free,0
1721,2025-07-14,east,pro,0
1722,2024-12-30,west,free,0
1723,2025-09-09,east,free,0
1724,2025-02-24,west,free,0
1725,2024-07-14,south,basic,0
1726,2025-05-06,east,pro,0
1727,2024-07-19,west,free,1
1728,2024-08-23,north,free,1
1729,2025-02-16,south,free,0
1730,2024-08-17,east,free,0
1731,2025-10-16,north,free,0
1732,2024-01-03,east,free,1
1733,2024-09-26,east,free,0
1734,2024-01-25,west,pro,0
1735,2025-05-18,south,free,0
1736,2025-01-20,south,basic,0
1737,2024-04-14,west,free,0
1738,2024-02-23,south,free,1
1739,2025-06-05,west,basic,0
1740,2024-05-21,south,free,1
1741,2025-08-12,south,free,0
1742,2024-08-21,north,basic,0
1743,2025-01-19,north,free,0
1744,2024-02-19,south,free,0
1745,2024-12-21,north,pro,0
1746,2024-01-22,west,free,0
1747,2024-06-05,west,basic,0
1748,2025-10-10,north,free,0
1749,2025-11-15,north,basic,0
1750,2024-10-31,north,free,0
1751,2025-09-27,west,free,1
1752,2024-05-23,north,pro,0
1753,2025-02-14,east,pro,0
1754,2025-05-10,south,free,1
1755,2025-09-15,north,basic,0
1756,2024-01-07,north,free,0
1757,2025-02-20,east,free,0
1758,2024-06-20,north,free,0
1759,2024-09-27,west,basic,0
1760,2025-11-03,south,basic,0
1761,2025-04-02,north,basic,0
1762,2025-09-20,north,basic,0
1763,2024-05-13,east,free,0
1764,2025-03-21,east,free,0
1765,2025-10-10,south,free,0
1766,2024-03-06,south,free,0
1767,2025-09-03,south,pro,0
1768,2024-08-10,west,free,1
1769,2024-10-21,south,basic,0
1770,2024-01-20,west,pro,0
1771,2025-08-09,east,pro,0
1772,2024-06-02,south,basic,0
1773,2025-11-24,south,basic,0
1774,2024-01-18,east,free,1
1775,2024-03-17,south,basic,0
1776,2024-03-29,east,free,1
1777,2025-04-19,north,basic,0
1778,2025-03-19,south,free,0
1779,2024-05-23,west,pro,0
1780,2024-03-11,south,free,0
1781,2024-07-02,west,basic,0
1782,2024-04-19,west,pro,0
1783,2025-05-16,south,free,1
1784,2025-09-23,north,pro,0
1785,2024-10-26,east,basic,0
1786,2024-08-22,east,basic,1
1787,2025-01-01,north,free,0
1788,2024-08-21,west,free,1
1789,2024-05-07,south,free,0
1790,2024-03-01,north,free,0
1791,2025-03-31,north,basic,0
1792,2025-07-11,north,basic,0
1793,2024-12-29,east,basic,0
1794,2025-04-18,west,free,0
1795,2024-03-22,north,free,0
1796,2025-01-17,north,basic,0
1797,2025-04-15,east,pro,0
1798,2025-03-08,south,free,0
1799,2024-01-18,south,free,0
1800,2024-03-11,west,free,0
1801,2025-11-20,west,pro,0
1802,2024-07-01,west,free,0
1803,2024-06-11,east,pro,0
1804,2025-02-12,north,basic,0
1805,2025-05-28,north,free,0
1806,2025-10-28,south,basic,0
1807,2025-06-04,west,free,0
1808,2025-07-25,north,basic,0
1809,2025-10-04,south,free,0
1810,2025-03-24,south,pro,0
1811,2025-02-27,south,free,0
1812,2024-12-29,north,basic,0
1813,2024-05-23,north,basic,0
1814,2024-01-11,north,free,0
1815,2024-03-26,north,pro,0
1816,2025-09-15,south,free,1
1817,2024-08-02,south,pro,0
1818,2024-02-16,east,pro,0
1819,2024-04-07,east,basic,0
1820,2024-03-31,west,basic,0
1821,2024-09-19,south,basic,0
1822,2025-04-30,west,pro,0
1823,2025-07-18,south,free,1
1824,2025-07-22,east,basic,1
1825,2025-11-01,west,basic,0
1826,2025-07-04,south,pro,0
1827,2024-07-03,south,free,0
1828,2024-11-12,east,basic,0
1829,2025-03-29,north,free,0
1830,2024-05-03,south,free,0
1831,2025-04-25,north,free,0
1832,2024-01-25,north,basic,0
1833,2024-06-06,east,free,0
1834,2025-08-18,west,pro,0
1835,2024-08-11,west,free,0
1836,2025-11-15,north,free,0
1837,2025-08-10,north,basic,0
1838,2024-06-19,south,free,0
1839,2025-10-06,south,free,0
1840,2025-08-29,south,basic,0
1841,2025-11-19,east,free,1
1842,2024-10-08,east,pro,0
1843,2025-09-27,south,free,0
1844,2024-08-05,east,pro,0
1845,2024-09-06,south,free,1
1846,2024-12-19,east,pro,0
1847,2024-09-10,west,free,0
1848,2024-01-06,west,pro,0
1849,2025-05-17,west,free,1
1850,2024-11-05,west,free,0
1851,2025-07-26,north,basic,0
1852,2024-05-19,south,basic,0
1853,2024-06-07,east,basic,0
1854,2025-05-13,north,basic,0
1855,2025-05-03,east,free,0
1856,2024-12-17,north,free,0
1857,2025-02-25,north,basic,0
1858,2025-08-31,south,basic,0
1859,2025-09-07,north,basic,0
1860,2025-09-19,south,free,0
1861,2025-11-25,north,pro,0
1862,2024-08-09,west,free,1
1863,2025-07-11,south,pro,0
1864,2024-07-15,south,free,0
1865,2025-08-30,west,basic,0
1866,2025-10-19,south,pro,0
1867,2024-11-03,north,free,0
1868,2024-12-18,north,basic,0
1869,2024-03-23,east,free,0
1870,2024-03-08,north,free,0
1871,2024-05-18,north,free,0
1872,2024-02-02,east,basic,0
1873,2024-10-06,south,free,0
1874,2025-11-24,north,pro,0
1875,2025-05-09,south,free,0
1876,2025-02-09,east,free,0
1877,2025-05-25,north,free,0
1878,2024-02-08,north,free,0
1879,2025-04-04,south,free,1
1880,2024-12-23,west,free,1
1881,2024-03-21,north,free,1
1882,2024-12-18,south,free,1
1883,2025-04-10,north,basic,0
1884,2024-10-31,east,free,0
1885,2025-10-07,west,basic,0
1886,2025-10-27,north,free,1
1887,2024-09-09,west,free,1
1888,2025-10-26,east,free,1
1889,2024-06-19,north,free,1
1890,2024-03-28,west,pro,0
1891,2025-03-30,north,free,0
1892,2024-04-16,east,free,1
1893,2024-08-11,north,free,0
1894,2024-10-12,south,pro,0
1895,2025-04-26,south,basic,0
1896,2025-08-06,west,basic,1
1897,2025-09-17,west,basic,0
1898,2025-03-12,south,free,0
1899,2025-11-05,north,basic,0
1900,2025-05-25,south,free,0
1901,2025-09-03,south,basic,0
1902,2025-02-07,west,free,0
1903,2024-03-23,east,basic,1
1904,2024-05-27,south,free,0
1905,2024-10-16,south,free,0
1906,2025-07-26,east,basic,0
1907,2024-10-17,north,pro,0
1908,2024-01-10,west,free,0
1909,2024-10-29,east,free,0
1910,2025-05-03,south,free,1
1911,2025-11-24,east,basic,0
1912,2024-05-16,south,pro,0
1913,2024-08-05,north,free,1
1914,2024-11-25,south,free,0
1915,2024-12-07,north,free,0
1916,2025-11-13,north,pro,0
1917,2024-10-06,south,free,0
1918,2025-01-12,west,free,0
1919,2024-06-25,north,basic,0
1920,2024-02-09,south,pro,0
1921,2024-10-01,west,basic,0
1922,2024-10-27,west,free,0
1923,2024-04-30,west,free,0
1924,2025-04-07,east,basic,0
1925,2024-08-19,south,pro,0
1926,2024-02-09,south,basic,1
1927,2025-01-09,east,free,0
1928,2024-06-25,south,free,1
1929,2025-05-24,south,basic,0
1930,2024-01-13,north,basic,0
1931,2025-06-22,north,basic,0
1932,2025-01-13,south,pro,1
1933,2025-05-26,east,pro,0
1934,2024-09-24,south,basic,0
1935,2025-09-09,north,basic,0
1936,2024-12-18,west,free,1
1937,2025-11-29,north,free,0
1938,2024-07-26,west,free,0
1939,2025-08-22,east,basic,0
1940,2025-04-04,south,basic,0
1941,2025-10-09,south,pro,0
1942,2024-05-01,west,pro,0
1943,2024-12-25,north,free,0
1944,2025-09-26,north,free,0
1945,2024-06-20,south,free,0
1946,2025-11-03,north,basic,0
1947,2025-11-08,south,pro,0
1948,2024-12-11,south,basic,1
1949,2025-05-24,north,free,0
1950,2024-11-21,west,free,0
1951,2025-04-05,east,basic,0
1952,2025-08-24,north,pro,0
1953,2025-06-02,east,basic,0
1954,2024-07-21,south,free,0
1955,2025-02-09,east,free,1
1956,2025-07-16,east,basic,0
1957,2025-02-11,west,pro,0
1958,2024-07-20,north,free,0
1959,2025-06-10,west,free,0
1960,2025-05-18,south,free,0
1961,2025-03-20,north,free,0
1962,2024-08-21,south,free,1
1963,2025-01-28,south,basic,0
1964,2025-02-25,west,basic,0
1965,2024-05-29,south,free,0
1966,2025-10-10,north,free,0
1967,2025-02-19,east,free,0
1968,2024-02-08,south,basic,0
1969,2024-07-08,west,free,0
1970,2025-07-19,north,free,0
1971,2025-04-30,west,basic,0
1972,2025-01-14,west,pro,0
1973,2024-12-12,north,free,0
1974,2024-09-22,south,pro,1
1975,2025-10-21,north,free,0
1976,2024-09-02,south,free,0
1977,2025-08-04,north,pro,0
1978,2024-02-18,west,pro,0
1979,2025-01-08,north,free,0
1980,2024-06-29,east,basic,1
1981,2024-10-22,east,basic,0
1982,2025-03-12,south,free,0
1983,2024-02-17,north,basic,1
1984,2024-03-09,west,basic,1
1985,2025-02-09,north,free,0
1986,2025-04-13,north,free,0
1987,2024-02-13,south,basic,0
1988,2025-11-04,south,basic,0
1989,2024-11-02,south,basic,0
1990,2025-11-17,north,basic,1
1991,2024-04-05,south,free,0
1992,2025-09-14,east,free,0
1993,2025-03-27,east,free,0
1994,2025-07-18,south,basic,0
1995,2025-07-19,south,free,1
1996,2024-05-04,north,basic,0
1997,2024-04-27,south,pro,0
1998,2025-11-10,east,free,0
1999,2024-10-29,south,free,0
2000,2024-05-21,west,free,1
